MAE,RMSE,R2
23.87863996687241,36.301814745848525,0.7395308361927944
